contactId,personId,email
C1,P376,charlotte.gonzalez440@example.com
C2,P804,james.garcia18@example.com
C3,P981,emma.gonzalez694@example.com
C4,P520,amelia.wilson973@example.com
C5,P837,lucas.johnson113@example.com
C6,P90,evelyn.johnson229@example.com
C7,P720,oliver.anderson171@example.com
C8,P804,james.garcia295@example.com
C9,P796,amelia.thomas189@example.com
C10,P630,benjamin.smith426@example.com
C11,P861,liam.gonzalez977@example.com
C12,P175,isabella.williams79@example.com
C13,P76,emma.martin658@example.com
C14,P613,emma.wilson919@example.com
C15,P926,emma.jackson182@example.com
C16,P663,olivia.davis499@example.com
C17,P400,olivia.gonzalez798@example.com
C18,P782,alexander.smith762@example.com
C19,P970,isabella.jones866@example.com
C20,P71,james.wilson826@example.com
C21,P180,noah.hernandez708@example.com
C22,P124,sophia.hernandez835@example.com
C23,P381,henry.davis71@example.com
C24,P293,benjamin.moore248@example.com
C25,P797,isabella.gonzalez146@example.com
C26,P195,mia.moore618@example.com
C27,P911,james.rodriguez775@example.com
C28,P228,harper.miller296@example.com
C29,P431,elijah.garcia582@example.com
C30,P942,henry.williams470@example.com
C31,P436,benjamin.johnson506@example.com
C32,P787,emma.thomas193@example.com
C33,P461,noah.garcia68@example.com
C34,P618,william.lopez494@example.com
C35,P21,evelyn.martin817@example.com
C36,P64,james.williams52@example.com
C37,P165,charlotte.davis882@example.com
C38,P27,alexander.jackson363@example.com
C39,P311,amelia.wilson797@example.com
C40,P285,benjamin.miller917@example.com
C41,P660,henry.anderson474@example.com
C42,P281,william.thomas846@example.com
C43,P838,evelyn.wilson521@example.com
C44,P831,sophia.hernandez763@example.com
C45,P164,noah.miller431@example.com
C46,P898,amelia.martinez844@example.com
C47,P918,emma.jones298@example.com
C48,P224,william.gonzalez435@example.com
C49,P784,oliver.jackson696@example.com
C50,P146,oliver.lopez691@example.com
C51,P965,noah.miller198@example.com
C52,P950,amelia.williams128@example.com
C53,P868,amelia.jackson532@example.com
C54,P30,henry.gonzalez984@example.com
C55,P45,james.brown411@example.com
C56,P787,emma.thomas934@example.com
C57,P471,henry.williams840@example.com
C58,P34,lucas.moore65@example.com
C59,P653,william.jackson694@example.com
C60,P427,liam.johnson241@example.com
C61,P830,liam.garcia369@example.com
C62,P886,amelia.johnson536@example.com
C63,P221,benjamin.lopez384@example.com
C64,P868,amelia.jackson431@example.com
C65,P534,evelyn.davis967@example.com
C66,P692,william.gonzalez83@example.com
C67,P948,liam.gonzalez982@example.com
C68,P367,emma.anderson831@example.com
C69,P932,alexander.anderson697@example.com
C70,P841,noah.davis951@example.com
C71,P743,james.moore828@example.com
C72,P915,charlotte.davis611@example.com
C73,P550,mia.lopez574@example.com
C74,P582,lucas.garcia286@example.com
C75,P116,james.taylor989@example.com
C76,P239,benjamin.moore534@example.com
C77,P335,henry.williams459@example.com
C78,P441,harper.brown212@example.com
C79,P148,ava.miller126@example.com
C80,P9,liam.martin413@example.com
C81,P288,elijah.smith499@example.com
C82,P388,alexander.gonzalez425@example.com
C83,P50,lucas.martinez554@example.com
C84,P850,benjamin.anderson610@example.com
C85,P517,isabella.martin961@example.com
C86,P916,sophia.thomas543@example.com
C87,P855,ava.thomas158@example.com
C88,P638,sophia.martin112@example.com
C89,P587,harper.rodriguez402@example.com
C90,P677,benjamin.wilson759@example.com
C91,P278,james.martin122@example.com
C92,P954,james.martinez273@example.com
C93,P836,mia.martinez294@example.com
C94,P989,james.moore398@example.com
C95,P300,lucas.anderson471@example.com
C96,P802,liam.brown985@example.com
C97,P589,alexander.lopez207@example.com
C98,P810,james.johnson110@example.com
C99,P649,emma.brown440@example.com
C100,P618,william.lopez278@example.com
C101,P607,lucas.lopez963@example.com
C102,P135,evelyn.rodriguez568@example.com
C103,P580,sophia.hernandez887@example.com
C104,P147,harper.gonzalez915@example.com
C105,P490,william.garcia569@example.com
C106,P478,harper.johnson940@example.com
C107,P159,harper.hernandez482@example.com
C108,P384,isabella.williams803@example.com
C109,P163,alexander.taylor114@example.com
C110,P441,harper.brown893@example.com
C111,P853,james.anderson897@example.com
C112,P189,mia.hernandez820@example.com
C113,P415,ava.johnson853@example.com
C114,P339,mia.williams477@example.com
C115,P607,lucas.lopez710@example.com
C116,P181,mia.johnson933@example.com
C117,P288,elijah.smith321@example.com
C118,P834,ava.wilson179@example.com
C119,P187,alexander.taylor897@example.com
C120,P884,amelia.brown219@example.com
C121,P138,noah.taylor789@example.com
C122,P130,sophia.hernandez949@example.com
C123,P194,harper.williams528@example.com
C124,P316,charlotte.martin492@example.com
C125,P984,elijah.jones891@example.com
C126,P785,mia.thomas61@example.com
C127,P864,noah.anderson54@example.com
C128,P144,emma.davis680@example.com
C129,P16,olivia.miller538@example.com
C130,P302,ava.anderson848@example.com
C131,P423,emma.taylor988@example.com
C132,P245,ava.miller65@example.com
C133,P927,mia.brown612@example.com
C134,P107,isabella.williams586@example.com
C135,P88,emma.brown704@example.com
C136,P129,liam.jones171@example.com
C137,P907,henry.martinez273@example.com
C138,P887,elijah.taylor889@example.com
C139,P341,liam.moore699@example.com
C140,P4,liam.taylor535@example.com
C141,P327,elijah.taylor391@example.com
C142,P410,olivia.martinez940@example.com
C143,P879,sophia.anderson693@example.com
C144,P306,james.jones327@example.com
C145,P908,amelia.anderson108@example.com
C146,P607,lucas.lopez847@example.com
C147,P721,harper.anderson162@example.com
C148,P225,noah.anderson814@example.com
C149,P971,isabella.smith452@example.com
C150,P348,charlotte.rodriguez206@example.com
C151,P992,harper.williams590@example.com
C152,P321,charlotte.gonzalez16@example.com
C153,P559,sophia.smith327@example.com
C154,P988,amelia.davis608@example.com
C155,P181,mia.johnson659@example.com
C156,P618,william.lopez2@example.com
C157,P711,mia.hernandez10@example.com
C158,P386,benjamin.johnson434@example.com
C159,P618,william.lopez125@example.com
C160,P792,liam.garcia81@example.com
C161,P772,james.moore485@example.com
C162,P108,james.martin652@example.com
C163,P531,henry.hernandez838@example.com
C164,P410,olivia.martinez150@example.com
C165,P971,isabella.smith800@example.com
C166,P296,emma.jones873@example.com
C167,P818,sophia.miller340@example.com
C168,P171,benjamin.brown129@example.com
C169,P331,henry.jones438@example.com
C170,P493,evelyn.williams751@example.com
C171,P195,mia.moore501@example.com
C172,P12,ava.taylor58@example.com
C173,P195,mia.moore198@example.com
C174,P490,william.garcia211@example.com
C175,P795,henry.rodriguez914@example.com
C176,P881,evelyn.davis902@example.com
C177,P182,sophia.rodriguez45@example.com
C178,P962,james.brown97@example.com
C179,P817,mia.smith279@example.com
C180,P656,isabella.williams535@example.com
C181,P898,amelia.martinez410@example.com
C182,P316,charlotte.martin461@example.com
C183,P694,henry.hernandez391@example.com
C184,P30,henry.gonzalez847@example.com
C185,P596,lucas.hernandez44@example.com
C186,P678,isabella.miller27@example.com
C187,P796,amelia.thomas794@example.com
C188,P793,harper.rodriguez97@example.com
C189,P96,noah.martinez975@example.com
C190,P381,henry.davis548@example.com
C191,P778,evelyn.lopez621@example.com
C192,P444,lucas.taylor567@example.com
C193,P298,emma.smith704@example.com
C194,P808,henry.jackson219@example.com
C195,P737,olivia.taylor185@example.com
C196,P845,olivia.lopez69@example.com
C197,P361,henry.rodriguez829@example.com
C198,P374,emma.jones130@example.com
C199,P554,oliver.martin567@example.com
C200,P303,amelia.taylor890@example.com
C201,P421,noah.gonzalez609@example.com
C202,P246,william.taylor848@example.com
C203,P720,oliver.anderson599@example.com
C204,P237,alexander.davis806@example.com
C205,P534,evelyn.davis631@example.com
C206,P185,mia.rodriguez720@example.com
C207,P468,alexander.johnson334@example.com
C208,P754,evelyn.gonzalez925@example.com
C209,P363,henry.davis154@example.com
C210,P283,sophia.anderson547@example.com
C211,P553,oliver.thomas79@example.com
C212,P336,benjamin.martin579@example.com
C213,P162,benjamin.brown855@example.com
C214,P160,alexander.davis413@example.com
C215,P474,noah.miller546@example.com
C216,P601,evelyn.williams609@example.com
C217,P322,sophia.wilson169@example.com
C218,P12,ava.taylor681@example.com
C219,P424,emma.rodriguez663@example.com
C220,P73,harper.hernandez583@example.com
C221,P588,emma.moore515@example.com
C222,P858,noah.moore314@example.com
C223,P201,ava.johnson32@example.com
C224,P522,oliver.taylor287@example.com
C225,P864,noah.anderson594@example.com
C226,P505,noah.davis43@example.com
C227,P738,oliver.jackson903@example.com
C228,P688,olivia.smith617@example.com
C229,P788,mia.jones1@example.com
C230,P39,olivia.moore573@example.com
C231,P60,evelyn.williams270@example.com
C232,P578,noah.taylor180@example.com
C233,P321,charlotte.gonzalez736@example.com
C234,P435,ava.rodriguez518@example.com
C235,P636,oliver.brown103@example.com
C236,P676,henry.anderson10@example.com
C237,P408,william.jackson583@example.com
C238,P923,evelyn.miller90@example.com
C239,P386,benjamin.johnson226@example.com
C240,P671,alexander.jones670@example.com
C241,P569,emma.johnson740@example.com
C242,P78,harper.wilson917@example.com
C243,P194,harper.williams126@example.com
C244,P285,benjamin.miller956@example.com
C245,P527,oliver.garcia209@example.com
C246,P524,alexander.martin97@example.com
C247,P613,emma.wilson74@example.com
C248,P156,evelyn.jackson627@example.com
C249,P340,james.moore191@example.com
C250,P125,isabella.wilson682@example.com
C251,P871,harper.gonzalez819@example.com
C252,P280,isabella.lopez960@example.com
C253,P917,mia.taylor716@example.com
C254,P906,charlotte.gonzalez56@example.com
C255,P622,isabella.jackson720@example.com
C256,P846,alexander.jones553@example.com
C257,P869,amelia.anderson32@example.com
C258,P658,olivia.moore527@example.com
C259,P728,emma.rodriguez574@example.com
C260,P910,alexander.rodriguez667@example.com
C261,P674,james.gonzalez284@example.com
C262,P128,james.johnson721@example.com
C263,P314,liam.johnson832@example.com
C264,P332,james.anderson494@example.com
C265,P150,mia.gonzalez187@example.com
C266,P454,ava.brown498@example.com
C267,P36,elijah.wilson442@example.com
C268,P685,isabella.williams130@example.com
C269,P420,isabella.johnson639@example.com
C270,P22,william.davis292@example.com
C271,P206,harper.taylor114@example.com
C272,P639,emma.moore199@example.com
C273,P848,isabella.thomas13@example.com
C274,P957,noah.taylor271@example.com
C275,P356,alexander.rodriguez601@example.com
C276,P440,henry.martin215@example.com
C277,P729,amelia.jones444@example.com
C278,P96,noah.martinez790@example.com
C279,P929,james.smith512@example.com
C280,P941,henry.anderson447@example.com
C281,P164,noah.miller986@example.com
C282,P148,ava.miller993@example.com
C283,P530,mia.davis715@example.com
C284,P294,elijah.brown74@example.com
C285,P195,mia.moore537@example.com
C286,P663,olivia.davis101@example.com
C287,P480,elijah.wilson176@example.com
C288,P877,henry.martin427@example.com
C289,P123,alexander.rodriguez117@example.com
C290,P400,olivia.gonzalez166@example.com
C291,P699,amelia.martinez41@example.com
C292,P965,noah.miller429@example.com
C293,P452,ava.anderson344@example.com
C294,P661,charlotte.smith424@example.com
C295,P104,ava.rodriguez366@example.com
C296,P755,charlotte.martin120@example.com
C297,P462,benjamin.anderson609@example.com
C298,P743,james.moore657@example.com
C299,P991,harper.lopez728@example.com
C300,P718,benjamin.taylor229@example.com
C301,P710,evelyn.martin825@example.com
C302,P396,isabella.thomas130@example.com
C303,P912,james.anderson352@example.com
C304,P337,alexander.taylor889@example.com
C305,P599,james.brown318@example.com
C306,P142,charlotte.martinez984@example.com
C307,P317,evelyn.brown649@example.com
C308,P711,mia.hernandez836@example.com
C309,P558,isabella.moore337@example.com
C310,P800,olivia.rodriguez273@example.com
C311,P527,oliver.garcia117@example.com
C312,P556,william.martinez818@example.com
C313,P401,alexander.martinez368@example.com
C314,P681,benjamin.miller94@example.com
C315,P310,benjamin.miller168@example.com
C316,P495,elijah.garcia954@example.com
C317,P556,william.martinez715@example.com
C318,P610,liam.gonzalez341@example.com
C319,P773,amelia.taylor661@example.com
C320,P109,elijah.lopez914@example.com
C321,P795,henry.rodriguez695@example.com
C322,P372,amelia.moore925@example.com
C323,P855,ava.thomas152@example.com
C324,P616,ava.davis586@example.com
C325,P768,james.smith877@example.com
C326,P891,james.miller913@example.com
C327,P206,harper.taylor274@example.com
C328,P847,emma.johnson554@example.com
C329,P43,noah.garcia496@example.com
C330,P865,ava.anderson724@example.com
C331,P245,ava.miller101@example.com
C332,P287,noah.jones557@example.com
C333,P355,amelia.williams82@example.com
C334,P785,mia.thomas529@example.com
C335,P476,henry.hernandez73@example.com
C336,P83,henry.miller14@example.com
C337,P110,ava.taylor433@example.com
C338,P950,amelia.williams157@example.com
C339,P190,liam.davis735@example.com
C340,P983,isabella.johnson132@example.com
C341,P800,olivia.rodriguez338@example.com
C342,P936,james.johnson404@example.com
C343,P909,evelyn.gonzalez376@example.com
C344,P251,olivia.johnson888@example.com
C345,P724,liam.martin559@example.com
C346,P291,harper.gonzalez107@example.com
C347,P645,olivia.brown620@example.com
C348,P201,ava.johnson265@example.com
C349,P797,isabella.gonzalez205@example.com
C350,P326,amelia.rodriguez79@example.com
C351,P511,amelia.moore155@example.com
C352,P409,william.martinez783@example.com
C353,P607,lucas.lopez988@example.com
C354,P790,william.johnson997@example.com
C355,P962,james.brown247@example.com
C356,P941,henry.anderson531@example.com
C357,P837,lucas.johnson858@example.com
C358,P508,charlotte.davis948@example.com
C359,P731,ava.smith538@example.com
C360,P601,evelyn.williams729@example.com
C361,P72,oliver.wilson154@example.com
C362,P247,ava.wilson154@example.com
C363,P641,amelia.jackson686@example.com
C364,P724,liam.martin92@example.com
C365,P940,olivia.jones433@example.com
C366,P855,ava.thomas338@example.com
C367,P608,james.lopez480@example.com
C368,P587,harper.rodriguez693@example.com
C369,P935,isabella.lopez131@example.com
C370,P566,benjamin.gonzalez450@example.com
C371,P344,amelia.williams993@example.com
C372,P971,isabella.smith810@example.com
C373,P925,evelyn.moore787@example.com
C374,P54,mia.johnson273@example.com
C375,P730,benjamin.martin929@example.com
C376,P528,sophia.thomas588@example.com
C377,P611,benjamin.jackson177@example.com
C378,P532,noah.gonzalez696@example.com
C379,P558,isabella.moore831@example.com
C380,P963,amelia.garcia643@example.com
C381,P193,emma.williams875@example.com
C382,P895,james.gonzalez49@example.com
C383,P58,noah.davis567@example.com
C384,P437,amelia.anderson666@example.com
C385,P111,emma.martinez355@example.com
C386,P129,liam.jones712@example.com
C387,P849,harper.jones308@example.com
C388,P706,henry.davis868@example.com
C389,P925,evelyn.moore885@example.com
C390,P852,liam.brown630@example.com
C391,P326,amelia.rodriguez775@example.com
C392,P8,liam.miller46@example.com
C393,P29,isabella.taylor302@example.com
C394,P112,isabella.wilson868@example.com
C395,P947,alexander.wilson912@example.com
C396,P673,emma.garcia408@example.com
C397,P131,oliver.garcia189@example.com
C398,P188,olivia.smith822@example.com
C399,P675,evelyn.rodriguez830@example.com
C400,P709,lucas.smith129@example.com
C401,P475,harper.anderson561@example.com
C402,P364,isabella.jones537@example.com
C403,P204,charlotte.jones266@example.com
C404,P212,emma.thomas118@example.com
C405,P621,isabella.moore464@example.com
C406,P276,olivia.miller144@example.com
C407,P73,harper.hernandez442@example.com
C408,P679,sophia.martin200@example.com
C409,P772,james.moore157@example.com
C410,P243,amelia.moore487@example.com
C411,P787,emma.thomas860@example.com
C412,P102,noah.jones134@example.com
C413,P987,henry.garcia912@example.com
C414,P685,isabella.williams148@example.com
C415,P171,benjamin.brown336@example.com
C416,P653,william.jackson71@example.com
C417,P909,evelyn.gonzalez233@example.com
C418,P188,olivia.smith334@example.com
C419,P441,harper.brown811@example.com
C420,P86,ava.thomas666@example.com
C421,P476,henry.hernandez90@example.com
C422,P52,sophia.jackson334@example.com
C423,P111,emma.martinez199@example.com
C424,P949,evelyn.johnson161@example.com
C425,P877,henry.martin538@example.com
C426,P854,mia.hernandez121@example.com
C427,P43,noah.garcia301@example.com
C428,P211,amelia.lopez724@example.com
C429,P968,william.brown575@example.com
C430,P200,henry.garcia963@example.com
C431,P810,james.johnson436@example.com
C432,P858,noah.moore68@example.com
C433,P752,james.garcia765@example.com
C434,P627,evelyn.jackson922@example.com
C435,P26,noah.gonzalez459@example.com
C436,P919,isabella.brown514@example.com
C437,P299,ava.wilson398@example.com
C438,P77,charlotte.jones620@example.com
C439,P924,isabella.martinez286@example.com
C440,P137,mia.johnson561@example.com
C441,P20,benjamin.taylor140@example.com
C442,P440,henry.martin730@example.com
C443,P211,amelia.lopez556@example.com
C444,P752,james.garcia929@example.com
C445,P551,mia.wilson781@example.com
C446,P435,ava.rodriguez590@example.com
C447,P780,isabella.wilson728@example.com
C448,P207,emma.taylor894@example.com
C449,P991,harper.lopez610@example.com
C450,P439,olivia.brown748@example.com
C451,P974,benjamin.rodriguez282@example.com
C452,P779,harper.davis661@example.com
C453,P666,olivia.martinez924@example.com
C454,P42,charlotte.moore816@example.com
C455,P411,benjamin.hernandez996@example.com
C456,P523,emma.lopez936@example.com
C457,P806,benjamin.brown578@example.com
C458,P610,liam.gonzalez746@example.com
C459,P427,liam.johnson457@example.com
C460,P275,amelia.williams87@example.com
C461,P448,sophia.smith79@example.com
C462,P902,henry.brown205@example.com
C463,P942,henry.williams791@example.com
C464,P884,amelia.brown337@example.com
C465,P742,ava.martin254@example.com
C466,P369,james.davis304@example.com
C467,P938,noah.taylor380@example.com
C468,P220,alexander.moore130@example.com
C469,P577,mia.lopez596@example.com
C470,P867,emma.hernandez276@example.com
C471,P232,william.anderson699@example.com
C472,P328,william.williams558@example.com
C473,P443,sophia.brown899@example.com
C474,P52,sophia.jackson183@example.com
C475,P886,amelia.johnson268@example.com
C476,P943,sophia.miller808@example.com
C477,P376,charlotte.gonzalez322@example.com
C478,P263,charlotte.smith512@example.com
C479,P267,william.lopez612@example.com
C480,P359,lucas.lopez78@example.com
C481,P317,evelyn.brown784@example.com
C482,P324,alexander.hernandez339@example.com
C483,P921,sophia.jackson674@example.com
C484,P908,amelia.anderson556@example.com
C485,P666,olivia.martinez509@example.com
C486,P870,liam.brown238@example.com
C487,P878,elijah.wilson134@example.com
C488,P652,benjamin.martinez973@example.com
C489,P939,oliver.thomas192@example.com
C490,P563,lucas.rodriguez356@example.com
C491,P629,henry.anderson278@example.com
C492,P421,noah.gonzalez18@example.com
C493,P46,ava.smith524@example.com
C494,P821,emma.lopez180@example.com
C495,P600,olivia.garcia123@example.com
C496,P720,oliver.anderson246@example.com
C497,P889,mia.brown734@example.com
C498,P269,henry.williams373@example.com
C499,P601,evelyn.williams51@example.com
C500,P381,henry.davis71@example.com
C501,P118,evelyn.rodriguez480@example.com
C502,P566,benjamin.gonzalez560@example.com
C503,P953,amelia.williams19@example.com
C504,P116,james.taylor774@example.com
C505,P630,benjamin.smith84@example.com
C506,P260,william.brown155@example.com
C507,P75,oliver.brown565@example.com
C508,P480,elijah.wilson619@example.com
C509,P305,lucas.lopez357@example.com
C510,P7,henry.jackson816@example.com
C511,P366,noah.johnson647@example.com
C512,P634,emma.martin443@example.com
C513,P523,emma.lopez69@example.com
C514,P348,charlotte.rodriguez523@example.com
C515,P438,evelyn.jones143@example.com
C516,P215,evelyn.taylor192@example.com
C517,P429,oliver.williams387@example.com
C518,P791,sophia.moore378@example.com
C519,P498,liam.williams581@example.com
C520,P540,lucas.hernandez535@example.com
C521,P747,oliver.miller693@example.com
C522,P367,emma.anderson293@example.com
C523,P313,harper.gonzalez9@example.com
C524,P538,oliver.anderson271@example.com
C525,P921,sophia.jackson387@example.com
C526,P54,mia.johnson93@example.com
C527,P541,alexander.gonzalez966@example.com
C528,P467,benjamin.wilson529@example.com
C529,P865,ava.anderson154@example.com
C530,P164,noah.miller405@example.com
C531,P782,alexander.smith840@example.com
C532,P334,olivia.rodriguez149@example.com
C533,P547,oliver.jackson889@example.com
C534,P798,sophia.rodriguez267@example.com
C535,P348,charlotte.rodriguez422@example.com
C536,P273,oliver.gonzalez840@example.com
C537,P963,amelia.garcia618@example.com
C538,P720,oliver.anderson472@example.com
C539,P750,ava.moore893@example.com
C540,P414,lucas.brown547@example.com
C541,P500,lucas.lopez631@example.com
C542,P93,charlotte.jones526@example.com
C543,P685,isabella.williams503@example.com
C544,P79,emma.thomas14@example.com
C545,P622,isabella.jackson778@example.com
C546,P217,charlotte.thomas652@example.com
C547,P947,alexander.wilson806@example.com
C548,P358,oliver.johnson364@example.com
C549,P618,william.lopez119@example.com
C550,P507,mia.taylor238@example.com
C551,P559,sophia.smith546@example.com
C552,P181,mia.johnson169@example.com
C553,P576,amelia.martinez522@example.com
C554,P246,william.taylor634@example.com
C555,P244,alexander.martinez913@example.com
C556,P506,benjamin.wilson657@example.com
C557,P422,ava.wilson963@example.com
C558,P320,oliver.jackson958@example.com
C559,P87,ava.jackson735@example.com
C560,P217,charlotte.thomas883@example.com
C561,P490,william.garcia769@example.com
C562,P519,henry.anderson780@example.com
C563,P278,james.martin871@example.com
C564,P849,harper.jones516@example.com
C565,P722,james.garcia938@example.com
C566,P169,isabella.jones397@example.com
C567,P330,noah.jones866@example.com
C568,P650,noah.garcia106@example.com
C569,P441,harper.brown85@example.com
C570,P391,william.garcia214@example.com
C571,P496,isabella.anderson121@example.com
C572,P381,henry.davis132@example.com
C573,P306,james.jones850@example.com
C574,P742,ava.martin197@example.com
C575,P987,henry.garcia19@example.com
C576,P820,alexander.smith642@example.com
C577,P673,emma.garcia12@example.com
C578,P513,harper.miller81@example.com
C579,P748,lucas.anderson330@example.com
C580,P949,evelyn.johnson866@example.com
C581,P188,olivia.smith774@example.com
C582,P930,sophia.moore392@example.com
C583,P516,isabella.williams637@example.com
C584,P913,emma.martinez307@example.com
C585,P644,charlotte.johnson267@example.com
C586,P427,liam.johnson447@example.com
C587,P502,noah.anderson441@example.com
C588,P730,benjamin.martin895@example.com
C589,P260,william.brown652@example.com
C590,P513,harper.miller841@example.com
C591,P71,james.wilson2@example.com
C592,P478,harper.johnson520@example.com
C593,P178,henry.taylor762@example.com
C594,P457,lucas.lopez651@example.com
C595,P189,mia.hernandez636@example.com
C596,P291,harper.gonzalez309@example.com
C597,P520,amelia.wilson740@example.com
C598,P765,harper.anderson522@example.com
C599,P920,emma.moore469@example.com
C600,P979,harper.miller212@example.com
C601,P292,isabella.wilson112@example.com
C602,P946,isabella.rodriguez8@example.com
C603,P756,benjamin.thomas804@example.com
C604,P635,henry.jones477@example.com
C605,P811,liam.moore874@example.com
C606,P283,sophia.anderson460@example.com
C607,P544,charlotte.rodriguez253@example.com
C608,P846,alexander.jones526@example.com
C609,P377,isabella.jones752@example.com
C610,P658,olivia.moore438@example.com
C611,P156,evelyn.jackson754@example.com
C612,P508,charlotte.davis981@example.com
C613,P413,noah.moore854@example.com
C614,P528,sophia.thomas661@example.com
C615,P355,amelia.williams236@example.com
C616,P559,sophia.smith306@example.com
C617,P763,evelyn.garcia478@example.com
C618,P187,alexander.taylor679@example.com
C619,P31,charlotte.thomas20@example.com
C620,P260,william.brown216@example.com
C621,P421,noah.gonzalez855@example.com
C622,P529,sophia.johnson135@example.com
C623,P551,mia.wilson905@example.com
C624,P304,elijah.brown129@example.com
C625,P942,henry.williams410@example.com
C626,P986,emma.davis422@example.com
C627,P944,sophia.hernandez294@example.com
C628,P39,olivia.moore246@example.com
C629,P489,sophia.martin701@example.com
C630,P644,charlotte.johnson556@example.com
C631,P542,amelia.smith86@example.com
C632,P670,olivia.johnson556@example.com
C633,P278,james.martin842@example.com
C634,P203,alexander.jackson375@example.com
C635,P66,elijah.smith446@example.com
C636,P108,james.martin378@example.com
C637,P268,noah.johnson390@example.com
C638,P222,olivia.anderson657@example.com
C639,P804,james.garcia51@example.com
C640,P530,mia.davis242@example.com
C641,P90,evelyn.johnson294@example.com
C642,P693,liam.anderson920@example.com
C643,P255,sophia.davis563@example.com
C644,P455,william.williams266@example.com
C645,P253,william.jones120@example.com
C646,P257,sophia.miller712@example.com
C647,P383,elijah.jackson917@example.com
C648,P442,charlotte.moore248@example.com
C649,P858,noah.moore70@example.com
C650,P599,james.brown853@example.com
C651,P90,evelyn.johnson57@example.com
C652,P749,mia.hernandez382@example.com
C653,P390,noah.smith39@example.com
C654,P582,lucas.garcia984@example.com
C655,P44,amelia.jackson801@example.com
C656,P712,emma.jones443@example.com
C657,P664,mia.brown18@example.com
C658,P598,isabella.thomas952@example.com
C659,P19,noah.rodriguez732@example.com
C660,P101,ava.jones825@example.com
C661,P914,alexander.martinez756@example.com
C662,P607,lucas.lopez352@example.com
C663,P766,oliver.anderson972@example.com
C664,P357,william.williams816@example.com
C665,P542,amelia.smith298@example.com
C666,P761,alexander.smith283@example.com
C667,P938,noah.taylor586@example.com
C668,P33,charlotte.jackson110@example.com
C669,P970,isabella.jones180@example.com
C670,P229,harper.taylor938@example.com
C671,P524,alexander.martin544@example.com
C672,P630,benjamin.smith746@example.com
C673,P862,harper.hernandez794@example.com
C674,P155,henry.smith25@example.com
C675,P423,emma.taylor843@example.com
C676,P905,ava.lopez791@example.com
C677,P246,william.taylor738@example.com
C678,P405,isabella.jones57@example.com
C679,P844,amelia.garcia180@example.com
C680,P759,benjamin.davis232@example.com
C681,P541,alexander.gonzalez894@example.com
C682,P161,benjamin.hernandez343@example.com
C683,P747,oliver.miller477@example.com
C684,P702,sophia.rodriguez799@example.com
C685,P117,james.wilson576@example.com
C686,P271,mia.johnson455@example.com
C687,P770,james.martinez232@example.com
C688,P692,william.gonzalez289@example.com
C689,P487,noah.thomas213@example.com
C690,P885,charlotte.moore258@example.com
C691,P172,benjamin.anderson530@example.com
C692,P950,amelia.williams687@example.com
C693,P274,henry.moore929@example.com
C694,P259,elijah.taylor229@example.com
C695,P135,evelyn.rodriguez226@example.com
C696,P683,benjamin.taylor596@example.com
C697,P722,james.garcia803@example.com
C698,P748,lucas.anderson435@example.com
C699,P422,ava.wilson882@example.com
C700,P421,noah.gonzalez758@example.com
C701,P186,isabella.davis402@example.com
C702,P929,james.smith622@example.com
C703,P364,isabella.jones766@example.com
C704,P955,elijah.miller88@example.com
C705,P607,lucas.lopez584@example.com
C706,P378,ava.gonzalez893@example.com
C707,P523,emma.lopez542@example.com
C708,P580,sophia.hernandez684@example.com
C709,P891,james.miller309@example.com
C710,P722,james.garcia906@example.com
C711,P196,william.jones343@example.com
C712,P881,evelyn.davis436@example.com
C713,P98,emma.williams177@example.com
C714,P605,emma.hernandez139@example.com
C715,P984,elijah.jones194@example.com
C716,P22,william.davis186@example.com
C717,P450,isabella.moore218@example.com
C718,P172,benjamin.anderson164@example.com
C719,P383,elijah.jackson161@example.com
C720,P134,olivia.brown943@example.com
C721,P426,evelyn.davis525@example.com
C722,P25,henry.smith808@example.com
C723,P503,harper.lopez601@example.com
C724,P185,mia.rodriguez836@example.com
C725,P85,amelia.jackson42@example.com
C726,P567,elijah.martin915@example.com
C727,P763,evelyn.garcia210@example.com
C728,P144,emma.davis741@example.com
C729,P863,olivia.thomas862@example.com
C730,P910,alexander.rodriguez275@example.com
C731,P679,sophia.martin954@example.com
C732,P412,alexander.miller279@example.com
C733,P224,william.gonzalez251@example.com
C734,P220,alexander.moore310@example.com
C735,P179,olivia.gonzalez720@example.com
C736,P631,elijah.miller833@example.com
C737,P433,henry.miller140@example.com
C738,P265,benjamin.gonzalez792@example.com
C739,P954,james.martinez546@example.com
C740,P429,oliver.williams821@example.com
C741,P662,mia.williams904@example.com
C742,P416,emma.wilson530@example.com
C743,P453,benjamin.lopez57@example.com
C744,P727,sophia.johnson112@example.com
C745,P197,ava.lopez5@example.com
C746,P554,oliver.martin410@example.com
C747,P53,olivia.wilson414@example.com
C748,P480,elijah.wilson182@example.com
C749,P443,sophia.brown13@example.com
C750,P330,noah.jones339@example.com
C751,P251,olivia.johnson797@example.com
C752,P807,mia.garcia259@example.com
C753,P890,emma.hernandez90@example.com
C754,P783,olivia.smith616@example.com
C755,P967,sophia.wilson891@example.com
C756,P925,evelyn.moore698@example.com
C757,P123,alexander.rodriguez250@example.com
C758,P879,sophia.anderson255@example.com
C759,P387,elijah.davis588@example.com
C760,P339,mia.williams898@example.com
C761,P778,evelyn.lopez971@example.com
C762,P348,charlotte.rodriguez108@example.com
C763,P29,isabella.taylor668@example.com
C764,P975,harper.davis594@example.com
C765,P35,sophia.smith589@example.com
C766,P518,mia.wilson485@example.com
C767,P396,isabella.thomas982@example.com
C768,P623,mia.jones972@example.com
C769,P294,elijah.brown258@example.com
C770,P589,alexander.lopez639@example.com
C771,P349,sophia.brown997@example.com
C772,P147,harper.gonzalez903@example.com
C773,P67,amelia.anderson282@example.com
C774,P904,mia.smith986@example.com
C775,P520,amelia.wilson88@example.com
C776,P122,benjamin.miller204@example.com
C777,P340,james.moore16@example.com
C778,P175,isabella.williams151@example.com
C779,P900,henry.brown936@example.com
C780,P691,liam.brown254@example.com
C781,P597,henry.martin188@example.com
C782,P451,harper.wilson329@example.com
C783,P557,liam.davis544@example.com
C784,P136,oliver.garcia783@example.com
C785,P855,ava.thomas997@example.com
C786,P16,olivia.miller397@example.com
C787,P333,olivia.taylor517@example.com
C788,P195,mia.moore459@example.com
C789,P496,isabella.anderson330@example.com
C790,P9,liam.martin820@example.com
C791,P828,mia.williams845@example.com
C792,P334,olivia.rodriguez169@example.com
C793,P333,olivia.taylor693@example.com
C794,P327,elijah.taylor366@example.com
C795,P15,mia.taylor178@example.com
C796,P839,isabella.rodriguez655@example.com
C797,P614,olivia.brown362@example.com
C798,P226,isabella.martinez760@example.com
C799,P425,amelia.taylor639@example.com
C800,P790,william.johnson775@example.com
C801,P408,william.jackson40@example.com
C802,P113,elijah.taylor924@example.com
C803,P997,alexander.garcia416@example.com
C804,P428,noah.gonzalez355@example.com
C805,P1,charlotte.miller255@example.com
C806,P266,emma.martinez143@example.com
C807,P491,charlotte.jackson752@example.com
C808,P208,amelia.martinez740@example.com
C809,P622,isabella.jackson853@example.com
C810,P712,emma.jones710@example.com
C811,P952,mia.moore577@example.com
C812,P369,james.davis900@example.com
C813,P985,sophia.lopez11@example.com
C814,P306,james.jones620@example.com
C815,P12,ava.taylor26@example.com
C816,P345,noah.garcia957@example.com
C817,P465,harper.hernandez421@example.com
C818,P700,sophia.martinez663@example.com
C819,P666,olivia.martinez221@example.com
C820,P494,charlotte.smith853@example.com
C821,P368,emma.garcia496@example.com
C822,P846,alexander.jones237@example.com
C823,P937,sophia.smith237@example.com
C824,P420,isabella.johnson219@example.com
C825,P889,mia.brown487@example.com
C826,P791,sophia.moore936@example.com
C827,P171,benjamin.brown461@example.com
C828,P134,olivia.brown663@example.com
C829,P965,noah.miller635@example.com
C830,P427,liam.johnson144@example.com
C831,P25,henry.smith990@example.com
C832,P530,mia.davis189@example.com
C833,P190,liam.davis255@example.com
C834,P141,liam.lopez68@example.com
C835,P555,james.smith616@example.com
C836,P846,alexander.jones336@example.com
C837,P796,amelia.thomas671@example.com
C838,P658,olivia.moore821@example.com
C839,P315,william.miller874@example.com
C840,P444,lucas.taylor409@example.com
C841,P319,lucas.martin300@example.com
C842,P441,harper.brown908@example.com
C843,P92,harper.anderson602@example.com
C844,P179,olivia.gonzalez357@example.com
C845,P56,sophia.moore256@example.com
C846,P155,henry.smith353@example.com
C847,P672,mia.jones732@example.com
C848,P111,emma.martinez521@example.com
C849,P137,mia.johnson524@example.com
C850,P232,william.anderson837@example.com
C851,P992,harper.williams950@example.com
C852,P468,alexander.johnson756@example.com
C853,P732,alexander.williams694@example.com
C854,P481,alexander.martin284@example.com
C855,P68,william.davis312@example.com
C856,P814,oliver.jackson99@example.com
C857,P249,elijah.lopez197@example.com
C858,P994,alexander.johnson482@example.com
C859,P323,oliver.martinez878@example.com
C860,P922,olivia.brown226@example.com
C861,P904,mia.smith845@example.com
C862,P518,mia.wilson615@example.com
C863,P976,henry.smith618@example.com
C864,P792,liam.garcia365@example.com
C865,P432,olivia.jackson368@example.com
C866,P487,noah.thomas570@example.com
C867,P606,emma.moore590@example.com
C868,P429,oliver.williams75@example.com
C869,P269,henry.williams42@example.com
C870,P709,lucas.smith422@example.com
C871,P537,ava.wilson836@example.com
C872,P148,ava.miller181@example.com
C873,P118,evelyn.rodriguez545@example.com
C874,P850,benjamin.anderson71@example.com
C875,P367,emma.anderson568@example.com
C876,P850,benjamin.anderson105@example.com
C877,P66,elijah.smith200@example.com
C878,P970,isabella.jones101@example.com
C879,P813,henry.rodriguez768@example.com
C880,P370,olivia.jones307@example.com
C881,P175,isabella.williams586@example.com
C882,P831,sophia.hernandez683@example.com
C883,P588,emma.moore377@example.com
C884,P495,elijah.garcia655@example.com
C885,P973,evelyn.williams678@example.com
C886,P114,charlotte.moore399@example.com
C887,P111,emma.martinez773@example.com
C888,P761,alexander.smith221@example.com
C889,P439,olivia.brown595@example.com
C890,P715,noah.lopez182@example.com
C891,P147,harper.gonzalez307@example.com
C892,P35,sophia.smith522@example.com
C893,P999,mia.williams396@example.com
C894,P309,olivia.garcia4@example.com
C895,P538,oliver.anderson863@example.com
C896,P750,ava.moore914@example.com
C897,P14,noah.moore848@example.com
C898,P374,emma.jones804@example.com
C899,P557,liam.davis281@example.com
C900,P428,noah.gonzalez215@example.com
C901,P728,emma.rodriguez972@example.com
C902,P233,william.miller610@example.com
C903,P705,lucas.martin420@example.com
C904,P563,lucas.rodriguez101@example.com
C905,P939,oliver.thomas963@example.com
C906,P887,elijah.taylor521@example.com
C907,P726,benjamin.wilson573@example.com
C908,P663,olivia.davis309@example.com
C909,P440,henry.martin658@example.com
C910,P502,noah.anderson939@example.com
C911,P275,amelia.williams931@example.com
C912,P850,benjamin.anderson510@example.com
C913,P76,emma.martin63@example.com
C914,P439,olivia.brown633@example.com
C915,P732,alexander.williams226@example.com
C916,P860,elijah.hernandez105@example.com
C917,P956,liam.rodriguez974@example.com
C918,P699,amelia.martinez772@example.com
C919,P289,mia.taylor861@example.com
C920,P915,charlotte.davis425@example.com
C921,P540,lucas.hernandez255@example.com
C922,P891,james.miller429@example.com
C923,P692,william.gonzalez434@example.com
C924,P253,william.jones207@example.com
C925,P126,charlotte.brown28@example.com
C926,P177,emma.hernandez682@example.com
C927,P37,lucas.jackson336@example.com
C928,P410,olivia.martinez588@example.com
C929,P611,benjamin.jackson628@example.com
C930,P610,liam.gonzalez69@example.com
C931,P127,oliver.gonzalez866@example.com
C932,P483,james.williams746@example.com
C933,P168,benjamin.anderson513@example.com
C934,P592,oliver.moore167@example.com
C935,P294,elijah.brown864@example.com
C936,P845,olivia.lopez730@example.com
C937,P638,sophia.martin785@example.com
C938,P343,emma.williams368@example.com
C939,P310,benjamin.miller251@example.com
C940,P662,mia.williams859@example.com
C941,P528,sophia.thomas856@example.com
C942,P540,lucas.hernandez931@example.com
C943,P419,liam.miller686@example.com
C944,P444,lucas.taylor170@example.com
C945,P685,isabella.williams758@example.com
C946,P558,isabella.moore935@example.com
C947,P840,evelyn.williams90@example.com
C948,P236,emma.thomas561@example.com
C949,P439,olivia.brown446@example.com
C950,P214,lucas.davis294@example.com
C951,P85,amelia.jackson919@example.com
C952,P794,ava.smith150@example.com
C953,P744,elijah.hernandez132@example.com
C954,P85,amelia.jackson433@example.com
C955,P921,sophia.jackson59@example.com
C956,P489,sophia.martin969@example.com
C957,P65,amelia.jackson836@example.com
C958,P646,ava.johnson199@example.com
C959,P663,olivia.davis215@example.com
C960,P627,evelyn.jackson898@example.com
C961,P64,james.williams561@example.com
C962,P343,emma.williams472@example.com
C963,P939,oliver.thomas744@example.com
C964,P875,isabella.brown247@example.com
C965,P919,isabella.brown382@example.com
C966,P352,alexander.johnson991@example.com
C967,P158,james.jackson239@example.com
C968,P589,alexander.lopez927@example.com
C969,P491,charlotte.jackson367@example.com
C970,P658,olivia.moore168@example.com
C971,P855,ava.thomas560@example.com
C972,P463,oliver.anderson51@example.com
C973,P225,noah.anderson811@example.com
C974,P917,mia.taylor610@example.com
C975,P313,harper.gonzalez951@example.com
C976,P615,harper.gonzalez728@example.com
C977,P919,isabella.brown689@example.com
C978,P859,lucas.lopez380@example.com
C979,P813,henry.rodriguez474@example.com
C980,P940,olivia.jones80@example.com
C981,P466,benjamin.johnson697@example.com
C982,P88,emma.brown367@example.com
C983,P883,amelia.martinez461@example.com
C984,P303,amelia.taylor911@example.com
C985,P680,evelyn.johnson539@example.com
C986,P435,ava.rodriguez452@example.com
C987,P682,evelyn.garcia464@example.com
C988,P135,evelyn.rodriguez960@example.com
C989,P50,lucas.martinez478@example.com
C990,P432,olivia.jackson926@example.com
C991,P340,james.moore420@example.com
C992,P347,isabella.anderson707@example.com
C993,P646,ava.johnson214@example.com
C994,P347,isabella.anderson369@example.com
C995,P649,emma.brown854@example.com
C996,P245,ava.miller114@example.com
C997,P109,elijah.lopez754@example.com
C998,P825,james.smith503@example.com
C999,P799,mia.gonzalez636@example.com
C1000,P533,charlotte.taylor817@example.com
C1001,P90,evelyn.johnson588@example.com
C1002,P296,emma.jones311@example.com
C1003,P112,isabella.wilson469@example.com
C1004,P813,henry.rodriguez824@example.com
C1005,P589,alexander.lopez708@example.com
C1006,P177,emma.hernandez863@example.com
C1007,P343,emma.williams44@example.com
C1008,P660,henry.anderson415@example.com
C1009,P101,ava.jones698@example.com
C1010,P758,noah.martinez855@example.com
C1011,P629,henry.anderson246@example.com
C1012,P604,isabella.wilson949@example.com
C1013,P401,alexander.martinez84@example.com
C1014,P28,ava.jackson207@example.com
C1015,P937,sophia.smith151@example.com
C1016,P962,james.brown668@example.com
C1017,P537,ava.wilson528@example.com
C1018,P58,noah.davis165@example.com
C1019,P498,liam.williams917@example.com
C1020,P297,alexander.thomas975@example.com
C1021,P134,olivia.brown145@example.com
C1022,P331,henry.jones37@example.com
C1023,P249,elijah.lopez333@example.com
C1024,P550,mia.lopez403@example.com
C1025,P902,henry.brown414@example.com
C1026,P941,henry.anderson45@example.com
C1027,P75,oliver.brown402@example.com
C1028,P654,james.jackson206@example.com
C1029,P834,ava.wilson62@example.com
C1030,P168,benjamin.anderson420@example.com
C1031,P771,olivia.moore868@example.com
C1032,P503,harper.lopez468@example.com
C1033,P885,charlotte.moore820@example.com
C1034,P355,amelia.williams19@example.com
C1035,P225,noah.anderson365@example.com
C1036,P664,mia.brown300@example.com
C1037,P531,henry.hernandez7@example.com
C1038,P146,oliver.lopez761@example.com
C1039,P960,lucas.wilson428@example.com
C1040,P241,sophia.miller117@example.com
C1041,P884,amelia.brown580@example.com
C1042,P893,benjamin.martinez507@example.com
C1043,P344,amelia.williams546@example.com
C1044,P749,mia.hernandez706@example.com
C1045,P35,sophia.smith325@example.com
C1046,P702,sophia.rodriguez55@example.com
C1047,P1,charlotte.miller778@example.com
C1048,P996,ava.johnson992@example.com
C1049,P153,isabella.johnson42@example.com
C1050,P429,oliver.williams297@example.com
C1051,P945,liam.martinez973@example.com
C1052,P508,charlotte.davis231@example.com
C1053,P126,charlotte.brown453@example.com
C1054,P491,charlotte.jackson890@example.com
C1055,P482,henry.hernandez394@example.com
C1056,P345,noah.garcia522@example.com
C1057,P912,james.anderson358@example.com
C1058,P738,oliver.jackson987@example.com
C1059,P221,benjamin.lopez444@example.com
C1060,P915,charlotte.davis128@example.com
C1061,P919,isabella.brown691@example.com
C1062,P723,james.lopez405@example.com
C1063,P25,henry.smith392@example.com
C1064,P528,sophia.thomas193@example.com
C1065,P182,sophia.rodriguez604@example.com
C1066,P499,liam.taylor881@example.com
C1067,P841,noah.davis743@example.com
C1068,P641,amelia.jackson78@example.com
C1069,P42,charlotte.moore85@example.com
C1070,P915,charlotte.davis30@example.com
C1071,P481,alexander.martin725@example.com
C1072,P930,sophia.moore49@example.com
C1073,P848,isabella.thomas777@example.com
C1074,P748,lucas.anderson145@example.com
C1075,P872,isabella.jackson69@example.com
C1076,P439,olivia.brown58@example.com
C1077,P402,evelyn.brown697@example.com
C1078,P546,ava.hernandez574@example.com
C1079,P345,noah.garcia479@example.com
C1080,P893,benjamin.martinez820@example.com
C1081,P45,james.brown445@example.com
C1082,P646,ava.johnson296@example.com
C1083,P21,evelyn.martin678@example.com
C1084,P634,emma.martin171@example.com
C1085,P70,lucas.williams575@example.com
C1086,P864,noah.anderson147@example.com
C1087,P873,elijah.johnson484@example.com
C1088,P48,benjamin.miller306@example.com
C1089,P491,charlotte.jackson673@example.com
C1090,P551,mia.wilson653@example.com
C1091,P287,noah.jones846@example.com
C1092,P10,sophia.garcia609@example.com
C1093,P542,amelia.smith446@example.com
C1094,P756,benjamin.thomas221@example.com
C1095,P274,henry.moore555@example.com
C1096,P956,liam.rodriguez945@example.com
C1097,P600,olivia.garcia804@example.com
C1098,P756,benjamin.thomas378@example.com
C1099,P381,henry.davis620@example.com
C1100,P329,elijah.garcia266@example.com
C1101,P479,charlotte.anderson95@example.com
C1102,P15,mia.taylor262@example.com
C1103,P516,isabella.williams825@example.com
C1104,P191,william.martinez897@example.com
C1105,P168,benjamin.anderson71@example.com
C1106,P521,william.miller954@example.com
C1107,P621,isabella.moore219@example.com
C1108,P137,mia.johnson533@example.com
C1109,P154,emma.hernandez92@example.com
C1110,P388,alexander.gonzalez127@example.com
C1111,P209,charlotte.taylor80@example.com
C1112,P272,mia.gonzalez824@example.com
C1113,P143,emma.garcia238@example.com
C1114,P611,benjamin.jackson983@example.com
C1115,P889,mia.brown372@example.com
C1116,P820,alexander.smith916@example.com
C1117,P69,oliver.johnson486@example.com
C1118,P247,ava.wilson694@example.com
C1119,P261,alexander.gonzalez25@example.com
C1120,P788,mia.jones156@example.com
C1121,P79,emma.thomas517@example.com
C1122,P658,olivia.moore632@example.com
C1123,P623,mia.jones789@example.com
C1124,P770,james.martinez530@example.com
C1125,P605,emma.hernandez943@example.com
C1126,P525,benjamin.brown710@example.com
C1127,P772,james.moore57@example.com
C1128,P938,noah.taylor605@example.com
C1129,P621,isabella.moore19@example.com
C1130,P330,noah.jones384@example.com
C1131,P189,mia.hernandez865@example.com
C1132,P95,amelia.hernandez193@example.com
C1133,P617,emma.jackson237@example.com
C1134,P8,liam.miller387@example.com
C1135,P67,amelia.anderson426@example.com
C1136,P496,isabella.anderson277@example.com
C1137,P191,william.martinez227@example.com
C1138,P366,noah.johnson745@example.com
C1139,P768,james.smith552@example.com
C1140,P521,william.miller323@example.com
C1141,P990,james.williams153@example.com
C1142,P117,james.wilson639@example.com
C1143,P267,william.lopez237@example.com
C1144,P611,benjamin.jackson998@example.com
C1145,P485,isabella.lopez55@example.com
C1146,P509,elijah.anderson980@example.com
C1147,P298,emma.smith436@example.com
C1148,P909,evelyn.gonzalez684@example.com
C1149,P164,noah.miller109@example.com
C1150,P376,charlotte.gonzalez866@example.com
C1151,P653,william.jackson981@example.com
C1152,P268,noah.johnson184@example.com
C1153,P549,emma.taylor951@example.com
C1154,P74,james.thomas368@example.com
C1155,P508,charlotte.davis983@example.com
C1156,P73,harper.hernandez198@example.com
C1157,P308,evelyn.hernandez371@example.com
C1158,P199,sophia.jackson373@example.com
C1159,P130,sophia.hernandez973@example.com
C1160,P758,noah.martinez497@example.com
C1161,P824,noah.jackson599@example.com
C1162,P572,liam.wilson201@example.com
C1163,P791,sophia.moore849@example.com
C1164,P615,harper.gonzalez509@example.com
C1165,P808,henry.jackson322@example.com
C1166,P832,oliver.williams275@example.com
C1167,P487,noah.thomas211@example.com
C1168,P853,james.anderson504@example.com
C1169,P151,amelia.taylor903@example.com
C1170,P669,henry.wilson118@example.com
C1171,P206,harper.taylor703@example.com
C1172,P986,emma.davis554@example.com
C1173,P179,olivia.gonzalez42@example.com
C1174,P197,ava.lopez315@example.com
C1175,P735,elijah.jones788@example.com
C1176,P89,isabella.moore329@example.com
C1177,P799,mia.gonzalez17@example.com
C1178,P434,lucas.martinez283@example.com
C1179,P788,mia.jones943@example.com
C1180,P748,lucas.anderson258@example.com
C1181,P183,liam.johnson575@example.com
C1182,P209,charlotte.taylor574@example.com
C1183,P493,evelyn.williams612@example.com
C1184,P130,sophia.hernandez19@example.com
C1185,P665,lucas.thomas529@example.com
C1186,P13,olivia.hernandez837@example.com
C1187,P634,emma.martin423@example.com
C1188,P871,harper.gonzalez466@example.com
C1189,P732,alexander.williams373@example.com
C1190,P106,ava.lopez758@example.com
C1191,P375,william.thomas763@example.com
C1192,P582,lucas.garcia967@example.com
C1193,P707,henry.hernandez81@example.com
C1194,P698,william.thomas551@example.com
C1195,P99,william.lopez548@example.com
C1196,P594,ava.anderson424@example.com
C1197,P587,harper.rodriguez429@example.com
C1198,P886,amelia.johnson388@example.com
C1199,P852,liam.brown998@example.com
C1200,P192,william.miller921@example.com
C1201,P325,emma.johnson709@example.com
C1202,P979,harper.miller670@example.com
C1203,P726,benjamin.wilson204@example.com
C1204,P827,elijah.taylor196@example.com
C1205,P956,liam.rodriguez728@example.com
C1206,P467,benjamin.wilson285@example.com
C1207,P894,emma.miller969@example.com
C1208,P367,emma.anderson196@example.com
C1209,P318,ava.davis307@example.com
C1210,P144,emma.davis664@example.com
C1211,P384,isabella.williams14@example.com
C1212,P216,ava.jones837@example.com
C1213,P361,henry.rodriguez146@example.com
C1214,P324,alexander.hernandez938@example.com
C1215,P15,mia.taylor57@example.com
C1216,P217,charlotte.thomas723@example.com
C1217,P492,oliver.jones780@example.com
C1218,P951,mia.miller210@example.com
C1219,P547,oliver.jackson529@example.com
C1220,P183,liam.johnson798@example.com
C1221,P270,elijah.martinez344@example.com
C1222,P945,liam.martinez715@example.com
C1223,P467,benjamin.wilson611@example.com
C1224,P870,liam.brown279@example.com
C1225,P612,oliver.jackson209@example.com
C1226,P519,henry.anderson641@example.com
C1227,P542,amelia.smith335@example.com
C1228,P467,benjamin.wilson288@example.com
C1229,P305,lucas.lopez252@example.com
C1230,P985,sophia.lopez265@example.com
C1231,P144,emma.davis271@example.com
C1232,P111,emma.martinez924@example.com
C1233,P232,william.anderson920@example.com
C1234,P691,liam.brown700@example.com
C1235,P584,harper.garcia419@example.com
C1236,P722,james.garcia726@example.com
C1237,P732,alexander.williams795@example.com
C1238,P592,oliver.moore211@example.com
C1239,P500,lucas.lopez365@example.com
C1240,P595,mia.miller76@example.com
C1241,P554,oliver.martin660@example.com
C1242,P273,oliver.gonzalez321@example.com
C1243,P703,ava.smith725@example.com
C1244,P173,olivia.martin433@example.com
C1245,P973,evelyn.williams109@example.com
C1246,P7,henry.jackson641@example.com
C1247,P155,henry.smith522@example.com
C1248,P522,oliver.taylor47@example.com
C1249,P546,ava.hernandez379@example.com
C1250,P548,benjamin.rodriguez827@example.com
C1251,P921,sophia.jackson96@example.com
C1252,P518,mia.wilson958@example.com
C1253,P920,emma.moore103@example.com
C1254,P914,alexander.martinez892@example.com
C1255,P215,evelyn.taylor854@example.com
C1256,P134,olivia.brown146@example.com
C1257,P285,benjamin.miller880@example.com
C1258,P126,charlotte.brown942@example.com
C1259,P921,sophia.jackson928@example.com
C1260,P439,olivia.brown27@example.com
C1261,P849,harper.jones732@example.com
C1262,P686,olivia.jones530@example.com
C1263,P152,harper.wilson679@example.com
C1264,P331,henry.jones945@example.com
C1265,P538,oliver.anderson989@example.com
C1266,P383,elijah.jackson82@example.com
C1267,P115,harper.jackson428@example.com
C1268,P894,emma.miller584@example.com
C1269,P482,henry.hernandez822@example.com
C1270,P284,ava.martinez479@example.com
C1271,P899,amelia.martinez766@example.com
C1272,P75,oliver.brown162@example.com
C1273,P166,olivia.williams839@example.com
C1274,P189,mia.hernandez932@example.com
C1275,P78,harper.wilson402@example.com
C1276,P947,alexander.wilson508@example.com
C1277,P602,lucas.rodriguez38@example.com
C1278,P688,olivia.smith955@example.com
C1279,P21,evelyn.martin511@example.com
C1280,P566,benjamin.gonzalez393@example.com
C1281,P184,benjamin.rodriguez713@example.com
C1282,P871,harper.gonzalez494@example.com
C1283,P222,olivia.anderson200@example.com
C1284,P827,elijah.taylor255@example.com
C1285,P328,william.williams179@example.com
C1286,P179,olivia.gonzalez547@example.com
C1287,P788,mia.jones594@example.com
C1288,P112,isabella.wilson389@example.com
C1289,P736,elijah.smith398@example.com
C1290,P726,benjamin.wilson732@example.com
C1291,P59,olivia.smith158@example.com
C1292,P327,elijah.taylor4@example.com
C1293,P905,ava.lopez167@example.com
C1294,P621,isabella.moore468@example.com
C1295,P897,elijah.taylor960@example.com
C1296,P669,henry.wilson409@example.com
C1297,P191,william.martinez412@example.com
C1298,P200,henry.garcia204@example.com
C1299,P312,emma.hernandez194@example.com
C1300,P708,isabella.lopez235@example.com
C1301,P35,sophia.smith718@example.com
C1302,P379,noah.taylor150@example.com
C1303,P387,elijah.davis159@example.com
C1304,P758,noah.martinez279@example.com
C1305,P237,alexander.davis816@example.com
C1306,P616,ava.davis404@example.com
C1307,P519,henry.anderson893@example.com
C1308,P283,sophia.anderson678@example.com
C1309,P1,charlotte.miller311@example.com
C1310,P731,ava.smith68@example.com
C1311,P464,ava.jackson463@example.com
C1312,P230,ava.miller88@example.com
C1313,P967,sophia.wilson217@example.com
C1314,P172,benjamin.anderson1@example.com
C1315,P87,ava.jackson135@example.com
C1316,P553,oliver.thomas697@example.com
C1317,P123,alexander.rodriguez351@example.com
C1318,P843,oliver.johnson140@example.com
C1319,P298,emma.smith618@example.com
C1320,P885,charlotte.moore133@example.com
C1321,P929,james.smith620@example.com
C1322,P690,liam.lopez178@example.com
C1323,P575,william.johnson810@example.com
C1324,P484,william.taylor358@example.com
C1325,P165,charlotte.davis380@example.com
C1326,P699,amelia.martinez908@example.com
C1327,P383,elijah.jackson871@example.com
C1328,P209,charlotte.taylor658@example.com
C1329,P739,elijah.wilson450@example.com
C1330,P432,olivia.jackson586@example.com
C1331,P389,isabella.gonzalez463@example.com
C1332,P560,ava.johnson990@example.com
C1333,P224,william.gonzalez108@example.com
C1334,P3,james.johnson122@example.com
C1335,P372,amelia.moore17@example.com
C1336,P687,mia.jones196@example.com
C1337,P446,liam.taylor327@example.com
C1338,P611,benjamin.jackson318@example.com
C1339,P116,james.taylor809@example.com
C1340,P270,elijah.martinez479@example.com
C1341,P447,sophia.martinez252@example.com
C1342,P368,emma.garcia503@example.com
C1343,P253,william.jones999@example.com
C1344,P317,evelyn.brown119@example.com
C1345,P415,ava.johnson674@example.com
C1346,P95,amelia.hernandez710@example.com
C1347,P785,mia.thomas498@example.com
C1348,P892,emma.lopez486@example.com
C1349,P24,james.miller45@example.com
C1350,P628,evelyn.williams314@example.com
C1351,P663,olivia.davis179@example.com
C1352,P850,benjamin.anderson894@example.com
C1353,P50,lucas.martinez418@example.com
C1354,P502,noah.anderson556@example.com
C1355,P718,benjamin.taylor783@example.com
C1356,P498,liam.williams78@example.com
C1357,P335,henry.williams326@example.com
C1358,P79,emma.thomas690@example.com
C1359,P582,lucas.garcia357@example.com
C1360,P27,alexander.jackson416@example.com
C1361,P271,mia.johnson963@example.com
C1362,P562,alexander.smith515@example.com
C1363,P804,james.garcia214@example.com
C1364,P247,ava.wilson854@example.com
C1365,P776,noah.davis74@example.com
C1366,P591,william.davis563@example.com
C1367,P387,elijah.davis579@example.com
C1368,P702,sophia.rodriguez509@example.com
C1369,P559,sophia.smith332@example.com
C1370,P973,evelyn.williams93@example.com
C1371,P361,henry.rodriguez688@example.com
C1372,P866,ava.brown657@example.com
C1373,P984,elijah.jones519@example.com
C1374,P488,alexander.jones269@example.com
C1375,P352,alexander.johnson376@example.com
C1376,P701,amelia.lopez834@example.com
C1377,P928,oliver.martinez4@example.com
C1378,P256,emma.lopez138@example.com
C1379,P222,olivia.anderson231@example.com
C1380,P884,amelia.brown600@example.com
C1381,P753,isabella.martin529@example.com
C1382,P781,mia.brown52@example.com
C1383,P1,charlotte.miller646@example.com
C1384,P546,ava.hernandez723@example.com
C1385,P446,liam.taylor325@example.com
C1386,P79,emma.thomas992@example.com
C1387,P236,emma.thomas970@example.com
C1388,P334,olivia.rodriguez905@example.com
C1389,P889,mia.brown731@example.com
C1390,P349,sophia.brown717@example.com
C1391,P98,emma.williams723@example.com
C1392,P82,liam.martinez277@example.com
C1393,P502,noah.anderson536@example.com
C1394,P967,sophia.wilson486@example.com
C1395,P477,noah.martin516@example.com
C1396,P927,mia.brown152@example.com
C1397,P704,ava.jones955@example.com
C1398,P765,harper.anderson483@example.com
C1399,P921,sophia.jackson259@example.com
C1400,P550,mia.lopez324@example.com
C1401,P14,noah.moore869@example.com
C1402,P392,william.jackson168@example.com
C1403,P347,isabella.anderson688@example.com
C1404,P310,benjamin.miller310@example.com
C1405,P386,benjamin.johnson803@example.com
C1406,P209,charlotte.taylor479@example.com
C1407,P357,william.williams56@example.com
C1408,P974,benjamin.rodriguez620@example.com
C1409,P601,evelyn.williams473@example.com
C1410,P568,james.miller296@example.com
C1411,P94,harper.martin461@example.com
C1412,P93,charlotte.jones324@example.com
C1413,P340,james.moore814@example.com
C1414,P597,henry.martin846@example.com
C1415,P445,oliver.lopez141@example.com
C1416,P757,charlotte.moore667@example.com
C1417,P22,william.davis262@example.com
C1418,P291,harper.gonzalez785@example.com
C1419,P485,isabella.lopez420@example.com
C1420,P784,oliver.jackson744@example.com
C1421,P306,james.jones241@example.com
C1422,P634,emma.martin355@example.com
C1423,P128,james.johnson849@example.com
C1424,P625,isabella.williams770@example.com
C1425,P939,oliver.thomas761@example.com
C1426,P273,oliver.gonzalez589@example.com
C1427,P848,isabella.thomas180@example.com
C1428,P442,charlotte.moore66@example.com
C1429,P503,harper.lopez820@example.com
C1430,P130,sophia.hernandez348@example.com
C1431,P132,charlotte.moore171@example.com
C1432,P597,henry.martin474@example.com
C1433,P935,isabella.lopez534@example.com
C1434,P482,henry.hernandez367@example.com
C1435,P862,harper.hernandez107@example.com
C1436,P390,noah.smith439@example.com
C1437,P593,elijah.martin835@example.com
C1438,P999,mia.williams227@example.com
C1439,P985,sophia.lopez444@example.com
C1440,P325,emma.johnson442@example.com
C1441,P69,oliver.johnson396@example.com
C1442,P660,henry.anderson728@example.com
C1443,P448,sophia.smith581@example.com
C1444,P528,sophia.thomas84@example.com
C1445,P819,henry.anderson615@example.com
C1446,P617,emma.jackson551@example.com
C1447,P165,charlotte.davis13@example.com
C1448,P488,alexander.jones809@example.com
C1449,P713,isabella.anderson825@example.com
C1450,P709,lucas.smith693@example.com
C1451,P426,evelyn.davis493@example.com
C1452,P697,liam.wilson268@example.com
C1453,P834,ava.wilson525@example.com
C1454,P265,benjamin.gonzalez120@example.com
C1455,P875,isabella.brown970@example.com
C1456,P612,oliver.jackson353@example.com
C1457,P342,isabella.taylor57@example.com
C1458,P832,oliver.williams40@example.com
C1459,P726,benjamin.wilson886@example.com
C1460,P278,james.martin336@example.com
C1461,P674,james.gonzalez640@example.com
C1462,P439,olivia.brown173@example.com
C1463,P157,noah.brown547@example.com
C1464,P422,ava.wilson259@example.com
C1465,P251,olivia.johnson888@example.com
C1466,P878,elijah.wilson517@example.com
C1467,P609,benjamin.gonzalez730@example.com
C1468,P530,mia.davis523@example.com
C1469,P327,elijah.taylor894@example.com
C1470,P961,emma.jackson839@example.com
C1471,P895,james.gonzalez117@example.com
C1472,P97,olivia.johnson184@example.com
C1473,P513,harper.miller906@example.com
C1474,P216,ava.jones874@example.com
C1475,P132,charlotte.moore116@example.com
C1476,P260,william.brown162@example.com
C1477,P125,isabella.wilson579@example.com
C1478,P82,liam.martinez712@example.com
C1479,P283,sophia.anderson543@example.com
C1480,P683,benjamin.taylor587@example.com
C1481,P59,olivia.smith237@example.com
C1482,P544,charlotte.rodriguez839@example.com
C1483,P161,benjamin.hernandez66@example.com
C1484,P284,ava.martinez70@example.com
C1485,P106,ava.lopez809@example.com
C1486,P105,emma.johnson447@example.com
C1487,P439,olivia.brown416@example.com
C1488,P228,harper.miller532@example.com
C1489,P700,sophia.martinez441@example.com
C1490,P582,lucas.garcia738@example.com
C1491,P318,ava.davis946@example.com
C1492,P464,ava.jackson464@example.com
C1493,P802,liam.brown921@example.com
C1494,P599,james.brown396@example.com
C1495,P882,lucas.thomas711@example.com
C1496,P874,ava.wilson551@example.com
C1497,P472,benjamin.gonzalez657@example.com
C1498,P56,sophia.moore557@example.com
C1499,P625,isabella.williams395@example.com
C1500,P13,olivia.hernandez326@example.com
